Date,Open,High,Low,Close,Volume
2024-03-21,47.0,57.79999923706055,45.04999923706055,50.439998626708984,48705500.0
2024-03-22,48.880001068115234,51.0,45.34000015258789,46.0,15983100.0
2024-03-25,47.09000015258789,61.939998626708984,46.08000183105469,59.79999923706055,24398800.0
2024-03-26,67.70999908447266,74.9000015258789,63.209999084472656,65.11000061035156,35331000.0
2024-03-27,63.7599983215332,63.7599983215332,55.619998931884766,57.75,18758300.0
2024-03-28,54.52000045776367,55.29999923706055,49.099998474121094,49.31999969482422,12608100.0
2024-04-01,48.95000076293945,49.279998779296875,44.39500045776367,45.970001220703125,12987900.0
2024-04-02,45.05500030517578,51.349998474121094,44.0,50.45000076293945,9442900.0
2024-04-03,49.70000076293945,51.2400016784668,46.54999923706055,46.9900016784668,4822900.0
2024-04-04,46.70000076293945,48.43000030517578,45.099998474121094,45.779998779296875,4618400.0
2024-04-05,45.68000030517578,48.290000915527344,44.68000030517578,47.560001373291016,2930800.0
2024-04-08,47.86000061035156,49.18000030517578,45.040000915527344,46.150001525878906,2661500.0
2024-04-09,46.400001525878906,47.4900016784668,44.900001525878906,45.0,2277300.0
2024-04-10,44.0,44.597999572753906,41.720001220703125,42.09000015258789,4350100.0
2024-04-11,42.04999923706055,46.349998474121094,42.0099983215332,44.529998779296875,4263000.0
2024-04-12,43.470001220703125,43.86000061035156,42.15999984741211,42.27000045776367,2021300.0
2024-04-15,41.939998626708984,42.099998474121094,39.68000030517578,40.0,3448500.0
2024-04-16,40.5,42.13999938964844,39.31999969482422,41.13999938964844,1699000.0
2024-04-17,40.400001525878906,40.60499954223633,38.70000076293945,39.16999816894531,2153800.0
2024-04-18,38.79999923706055,42.130001068115234,37.349998474121094,41.720001220703125,2284100.0
2024-04-19,40.56999969482422,43.83000183105469,40.16999816894531,40.880001068115234,2540600.0
2024-04-22,40.880001068115234,42.56999969482422,40.5099983215332,42.040000915527344,1486400.0
2024-04-23,42.06999969482422,44.060001373291016,41.821998596191406,42.81999969482422,1956500.0
2024-04-24,42.65999984741211,43.970001220703125,42.45000076293945,43.150001525878906,1384000.0
2024-04-25,41.63999938964844,42.63999938964844,40.849998474121094,42.45000076293945,1485800.0
2024-04-26,42.97999954223633,46.19900131225586,42.650001525878906,45.43000030517578,2764200.0
2024-04-29,46.04999923706055,48.880001068115234,45.849998474121094,46.279998779296875,2678300.0
2024-04-30,45.470001220703125,46.755001068115234,44.150001525878906,44.439998626708984,1752900.0
2024-05-01,44.869998931884766,47.70000076293945,44.599998474121094,45.880001068115234,1598100.0
2024-05-02,46.61000061035156,49.63899993896485,45.720001220703125,47.70000076293945,2365000.0
2024-05-03,48.439998626708984,48.70000076293945,46.2400016784668,46.63999938964844,1188300.0
2024-05-06,46.9900016784668,49.869998931884766,46.75,48.27000045776367,2116700.0
2024-05-07,47.72999954223633,50.33000183105469,47.400001525878906,49.400001525878906,6241700.0
2024-05-08,55.0,55.15999984741211,49.70000076293945,51.400001525878906,13509300.0
2024-05-09,51.2400016784668,51.25,48.25,50.11000061035156,3909100.0
2024-05-10,50.63999938964844,54.75,50.380001068115234,53.529998779296875,4450800.0
2024-05-13,56.4900016784668,61.209999084472656,55.59000015258789,58.189998626708984,8179400.0
2024-05-14,62.56999969482422,64.5,59.5,62.34000015258789,7674000.0
2024-05-15,60.22999954223633,60.93000030517578,56.25,59.630001068115234,4897600.0
2024-05-16,59.5,60.459999084472656,56.290000915527344,56.380001068115234,3219400.0
2024-05-17,61.20000076293945,66.1500015258789,60.619998931884766,62.040000915527344,15131400.0
2024-05-20,61.900001525878906,62.0,57.27000045776367,61.220001220703125,5975200.0
2024-05-21,60.7400016784668,62.459999084472656,58.84000015258789,59.310001373291016,2694000.0
2024-05-22,59.0,60.45000076293945,55.86000061035156,56.689998626708984,3272300.0
2024-05-23,56.880001068115234,57.2599983215332,53.11000061035156,54.15999984741211,3289600.0
2024-05-24,53.959999084472656,56.0,53.209999084472656,54.720001220703125,2019800.0
2024-05-28,55.119998931884766,59.275001525878906,53.862998962402344,58.4900016784668,3536900.0
2024-05-29,57.45000076293945,58.630001068115234,56.80099868774414,57.63999938964844,1320000.0
2024-05-30,57.0,59.4900016784668,55.7599983215332,56.29999923706055,1857800.0
2024-05-31,56.209999084472656,57.52000045776367,53.45000076293945,54.2400016784668,2036800.0
2024-06-03,57.54999923706055,58.63999938964844,54.81999969482422,55.79999923706055,2573100.0
2024-06-04,55.20000076293945,55.400001525878906,53.95500183105469,54.5,1291000.0
2024-06-05,54.790000915527344,60.2400016784668,54.57099914550781,60.06999969482422,3030000.0
2024-06-06,58.9900016784668,63.56999969482422,58.380001068115234,63.459999084472656,3375200.0
2024-06-07,61.630001068115234,63.79999923706055,59.209999084472656,59.79999923706055,3414000.0
2024-06-10,60.0099983215332,61.380001068115234,58.2599983215332,59.630001068115234,1456800.0
2024-06-11,60.119998931884766,62.04899978637695,58.494998931884766,61.54999923706055,2024100.0
2024-06-12,62.875,69.58999633789062,61.849998474121094,65.93000030517578,6825700.0
2024-06-13,66.83000183105469,69.04199981689453,63.63999938964844,63.959999084472656,2874500.0
2024-06-14,63.540000915527344,64.94000244140625,60.11000061035156,60.939998626708984,2454900.0
2024-06-17,61.0,61.130001068115234,58.099998474121094,60.349998474121094,2097100.0
2024-06-18,61.11000061035156,61.63899993896485,57.5,60.209999084472656,2213100.0
2024-06-20,60.0,60.099998474121094,55.470001220703125,57.41999816894531,3372100.0
2024-06-21,56.400001525878906,57.650001525878906,54.45000076293945,57.29999923706055,4440000.0
2024-06-24,57.31999969482422,58.88999938964844,55.95000076293945,56.47999954223633,1789200.0
2024-06-25,56.560001373291016,61.56999969482422,56.41999816894531,61.380001068115234,2819000.0
2024-06-26,60.5,63.880001068115234,60.33000183105469,63.61000061035156,3828400.0
2024-06-27,62.83399963378906,64.69999694824219,62.029998779296875,63.58000183105469,1704800.0
2024-06-28,64.06999969482422,65.81999969482422,62.66999816894531,63.88999938964844,1921900.0
2024-07-01,64.19999694824219,66.69000244140625,62.20000076293945,66.58999633789062,3609100.0
2024-07-02,65.98999786376953,73.5199966430664,65.6500015258789,73.51000213623047,6089600.0
2024-07-03,71.93000030517578,73.97200012207031,70.18000030517578,73.62000274658203,2718100.0
2024-07-05,73.77999877929688,76.19999694824219,71.58000183105469,72.97000122070312,2587200.0
2024-07-08,72.76000213623047,74.11599731445312,70.9000015258789,72.80999755859375,2191100.0
2024-07-09,73.4800033569336,76.73999786376953,69.19999694824219,70.58999633789062,2879900.0
2024-07-10,71.2300033569336,72.27999877929688,67.62000274658203,69.4000015258789,2156100.0
2024-07-11,70.5,71.89099884033203,68.3280029296875,70.29000091552734,2170300.0
2024-07-12,70.75,76.7300033569336,69.4000015258789,73.8499984741211,3512600.0
2024-07-15,74.69000244140625,78.08000183105469,72.53099822998047,72.9800033569336,2782800.0
2024-07-16,70.66999816894531,70.69000244140625,66.7699966430664,70.44000244140625,4589300.0
2024-07-17,68.4800033569336,69.79000091552734,63.790000915527344,65.20999908447266,3319000.0
2024-07-18,66.73999786376953,66.73999786376953,63.9379997253418,65.91999816894531,2064100.0
2024-07-19,65.75,68.2699966430664,64.5,64.69999694824219,1997300.0
2024-07-22,66.93000030517578,70.45999908447266,65.54499816894531,68.12999725341797,3644800.0
2024-07-23,67.80000305175781,71.41000366210938,67.01000213623047,67.83999633789062,2486500.0
2024-07-24,65.66500091552734,66.30000305175781,62.180999755859375,62.95000076293945,2869100.0
2024-07-25,62.900001525878906,64.36000061035156,59.72999954223633,62.060001373291016,2644500.0
2024-07-26,62.900001525878906,64.31999969482422,61.22999954223633,62.36000061035156,2044300.0
2024-07-29,62.970001220703125,62.97999954223633,58.720001220703125,59.97999954223633,2202900.0
2024-07-30,60.060001373291016,60.59000015258789,57.36000061035156,58.439998626708984,2211200.0
2024-07-31,59.380001068115234,61.27000045776367,59.310001373291016,60.849998474121094,1652100.0
2024-08-01,64.4000015258789,64.63999938964844,59.20000076293945,59.380001068115234,2520400.0
2024-08-02,56.2400016784668,57.810001373291016,54.11000061035156,57.58000183105469,3254200.0
2024-08-05,53.25,59.130001068115234,52.7599983215332,56.810001373291016,3078900.0
2024-08-06,58.099998474121094,58.5,54.34000015258789,54.36000061035156,6498300.0
2024-08-07,54.79999923706055,55.2400016784668,49.130001068115234,50.689998626708984,7772200.0
2024-08-08,51.95000076293945,57.742000579833984,51.7599983215332,54.939998626708984,5653300.0
2024-08-09,53.970001220703125,54.11000061035156,51.5,52.90999984741211,14509800.0
2024-08-12,52.5,52.970001220703125,50.79999923706055,52.5099983215332,3398000.0
2024-08-13,53.04999923706055,54.689998626708984,52.540000915527344,54.52000045776367,3967800.0
2024-08-14,53.70000076293945,55.029998779296875,53.20000076293945,54.95000076293945,3874000.0
2024-08-15,55.25,56.849998474121094,54.18000030517578,55.54999923706055,4841800.0
2024-08-16,54.869998931884766,55.13999938964844,53.900001525878906,54.91999816894531,3005700.0
2024-08-19,54.790000915527344,54.900001525878906,52.4900016784668,54.36000061035156,4487400.0
2024-08-20,53.5,55.060001373291016,52.38999938964844,55.02000045776367,4206300.0
2024-08-21,54.880001068115234,57.11000061035156,54.27000045776367,56.88999938964844,4179400.0
2024-08-22,56.5,57.45000076293945,55.29999923706055,56.43000030517578,3939000.0
2024-08-23,56.5099983215332,59.68000030517578,56.130001068115234,59.209999084472656,5286700.0
2024-08-26,59.290000915527344,59.97999954223633,57.5099983215332,58.2599983215332,2555700.0
2024-08-27,57.720001220703125,60.27000045776367,56.540000915527344,59.0,3716300.0
2024-08-28,57.880001068115234,57.93000030517578,55.02000045776367,56.13999938964844,4033100.0
2024-08-29,57.584999084472656,60.290000915527344,57.099998474121094,58.75,5040100.0
2024-08-30,59.0,60.40999984741211,58.474998474121094,60.029998779296875,4152500.0
2024-09-03,59.244998931884766,60.07500076293945,57.4900016784668,57.529998779296875,3016000.0
2024-09-04,56.720001220703125,58.810001373291016,56.060001373291016,57.0,2772100.0
2024-09-05,56.79999923706055,59.564998626708984,56.380001068115234,58.709999084472656,2699600.0
2024-09-06,59.2400016784668,60.40999984741211,55.79999923706055,56.849998474121094,3074500.0
2024-09-09,57.13999938964844,58.5,55.250999450683594,57.459999084472656,4540600.0
2024-09-10,57.52000045776367,57.869998931884766,55.47999954223633,56.869998931884766,2615600.0
2024-09-11,56.5,60.0,55.84000015258789,59.869998931884766,3466500.0
2024-09-12,60.0,62.65900039672851,59.380001068115234,59.630001068115234,4783600.0
2024-09-13,59.630001068115234,60.25,58.040000915527344,59.09000015258789,3726000.0
2024-09-16,58.599998474121094,60.099998474121094,57.220001220703125,59.150001525878906,2683800.0
2024-09-17,61.369998931884766,61.97999954223633,59.310001373291016,61.88999938964844,3824400.0
2024-09-18,61.91999816894531,64.08999633789062,61.540000915527344,63.65999984741211,4688400.0
2024-09-19,64.98999786376953,67.19000244140625,63.900001525878906,64.55999755859375,5105700.0
2024-09-20,64.81999969482422,66.94000244140625,64.16999816894531,66.16999816894531,8518300.0
2024-09-23,66.0,66.95999908447266,64.77999877929688,65.0,3645600.0
2024-09-24,65.27999877929688,67.27999877929688,63.599998474121094,66.95999908447266,4444900.0
2024-09-25,66.95999908447266,69.11000061035156,66.3499984741211,67.87999725341797,4321100.0
2024-09-26,69.0,69.0,65.70999908447266,66.5199966430664,4310300.0
2024-09-27,66.58999633789062,68.3499984741211,66.12000274658203,67.08000183105469,3922300.0
2024-09-30,66.94000244140625,67.80999755859375,65.31999969482422,65.91999816894531,3558300.0
2024-10-01,65.93000030517578,66.61000061035156,64.51499938964844,65.97000122070312,3150500.0
2024-10-02,65.48999786376953,68.30999755859375,64.9000015258789,67.77999877929688,3992000.0
2024-10-03,68.05999755859375,68.97000122070312,67.3499984741211,67.47000122070312,4120300.0
2024-10-04,69.5199966430664,72.87999725341797,68.80000305175781,72.37999725341797,7415600.0
2024-10-07,72.98999786376953,73.41999816894531,70.12999725341797,70.44000244140625,2811200.0
2024-10-08,70.75,72.9800033569336,70.23999786376953,70.7699966430664,2494700.0
2024-10-09,73.63999938964844,75.19999694824219,70.44000244140625,71.0,5019000.0
2024-10-10,70.69000244140625,71.66000366210938,69.30000305175781,69.9000015258789,3974100.0
2024-10-11,69.94999694824219,73.25,69.73999786376953,73.25,5076300.0
2024-10-14,73.75,75.66999816894531,72.81999969482422,74.87000274658203,5488800.0
2024-10-15,74.80000305175781,76.4800033569336,74.13999938964844,75.16999816894531,5701300.0
2024-10-16,75.16000366210938,77.87000274658203,73.58999633789062,77.26000213623047,4455200.0
2024-10-17,76.9800033569336,78.73999786376953,75.94000244140625,76.29000091552734,3074900.0
2024-10-18,76.61000061035156,81.36000061035156,76.41999816894531,80.9000015258789,5428500.0
2024-10-21,80.55500030517578,80.55500030517578,77.9000015258789,78.55000305175781,3750600.0
2024-10-22,77.7699966430664,78.5,76.54000091552734,77.29000091552734,3285000.0
2024-10-23,77.69000244140625,80.12999725341797,76.6510009765625,77.68000030517578,4083700.0
2024-10-24,77.8550033569336,78.71499633789062,77.13999938964844,78.5999984741211,2174100.0
2024-10-25,79.0199966430664,81.72000122070312,79.0199966430664,81.36000061035156,3889100.0
2024-10-28,82.20999908447266,82.52999877929688,79.44999694824219,79.68000030517578,6567500.0
2024-10-29,79.7249984741211,82.9749984741211,79.0999984741211,81.73999786376953,12718700.0
2024-10-30,104.9000015258789,118.2490005493164,104.11000061035156,116.0500030517578,37764600.0
2024-10-31,117.40499877929688,123.5999984741211,114.8000030517578,119.3000030517578,17033500.0
2024-11-01,114.0,115.5,110.5,112.9800033569336,12024700.0
2024-11-04,110.76499938964844,112.9800033569336,108.68499755859376,109.02999877929688,7719300.0
2024-11-05,110.5,122.68000030517578,110.2699966430664,122.56999969482422,10831200.0
2024-11-06,124.1500015258789,124.93000030517578,117.16000366210938,121.08000183105467,6506100.0
2024-11-07,121.56999969482422,133.25,121.56999969482422,131.44000244140625,7756000.0
2024-11-08,130.02999877929688,134.8000030517578,128.3300018310547,134.8000030517578,4402000.0
2024-11-11,139.0,139.0399932861328,128.3000030517578,129.22999572753906,5711400.0
2024-11-12,126.66000366210938,130.47000122070312,125.69000244140624,127.75,5247900.0
2024-11-13,128.8000030517578,135.07000732421875,128.8000030517578,132.05999755859375,4567400.0
2024-11-14,132.05999755859375,133.99000549316406,129.72000122070312,131.8800048828125,2667700.0
2024-11-15,128.7899932861328,131.69000244140625,123.13999938964844,124.77999877929688,4605100.0
2024-11-18,125.55999755859376,130.1300048828125,124.66000366210938,129.4199981689453,4314500.0
2024-11-19,129.00999450683594,138.5399932861328,128.72000122070312,137.16000366210938,6889200.0
2024-11-20,137.15499877929688,138.38999938964844,130.00999450683594,136.27000427246094,5497900.0
2024-11-21,141.27000427246094,158.49000549316406,139.57000732421875,158.02000427246094,12275500.0
2024-11-22,145.41000366210938,149.0,142.91000366210938,146.6699981689453,18665500.0
2024-11-25,149.5,152.13999938964844,139.22000122070312,141.89999389648438,8403900.0
2024-11-26,141.64999389648438,144.80999755859375,132.47500610351562,135.61000061035156,7697100.0
2024-11-27,137.8000030517578,141.19000244140625,134.4499969482422,140.0399932861328,5531000.0
2024-11-29,143.42999267578125,143.92999267578125,140.25999450683594,140.69000244140625,2105900.0
2024-12-02,144.0,145.5800018310547,138.75,141.63999938964844,3263200.0
2024-12-03,141.0,151.55999755859375,141.0,149.8300018310547,5966700.0
2024-12-04,150.83999633789062,157.75,150.6300048828125,154.22999572753906,6568500.0
2024-12-05,155.5800018310547,156.66700744628906,151.25,153.08999633789062,4500200.0
2024-12-06,152.05999755859375,163.72000122070312,149.3300018310547,162.75999450683594,7910700.0
2024-12-09,171.5,180.7400054931641,157.0500030517578,167.1699981689453,16640800.0
2024-12-10,168.30999755859375,176.67300415039062,151.75999450683594,155.92999267578125,10972800.0
2024-12-11,164.0,168.66099548339844,161.0,165.9199981689453,5981900.0
2024-12-12,164.00999450683594,172.5,163.23899841308594,163.50999450683594,4024700.0
2024-12-13,164.35000610351562,174.0,163.50999450683594,172.64999389648438,4893300.0
2024-12-16,169.27000427246094,180.36000061035156,166.1999969482422,178.10000610351562,8934900.0
2024-12-17,177.14999389648438,177.57000732421875,167.32000732421875,168.7899932861328,6894500.0
2024-12-18,172.4499969482422,174.38499450683594,157.75,160.64999389648438,7792800.0
2024-12-19,163.89999389648438,166.60000610351562,157.22000122070312,163.72000122070312,4761600.0
2024-12-20,162.99000549316406,174.11000061035156,158.77000427246094,170.7100067138672,7705600.0
2024-12-23,171.25,173.82000732421875,166.3730010986328,168.61000061035156,3728900.0
2024-12-24,169.0,178.10000610351562,168.88999938964844,177.41000366210938,2098700.0
2024-12-26,177.8000030517578,182.1999969482422,174.77000427246094,176.74000549316406,2442200.0
2024-12-27,175.52999877929688,176.52999877929688,167.8000030517578,173.5399932861328,2606100.0
2024-12-30,167.375,169.7899932861328,162.25999450683594,165.52999877929688,7541100.0
2024-12-31,166.0,167.67799377441406,162.63999938964844,163.44000244140625,3438500.0
2025-01-02,164.42999267578125,168.5,156.03599548339844,165.91000366210938,4076500.0
2025-01-03,167.52999877929688,181.22000122070312,166.96499633789062,177.74000549316406,9436000.0
2025-01-06,182.0,187.69000244140625,174.5,179.49000549316406,5416400.0
2025-01-07,180.25,183.1199951171875,171.10800170898438,172.32000732421875,4201100.0
2025-01-08,167.58999633789062,174.33999633789062,166.0,172.00999450683594,4202600.0
2025-01-10,169.0,169.6999969482422,159.8000030517578,167.0800018310547,4003800.0
2025-01-13,160.44000244140625,165.5,156.5800018310547,164.64999389648438,4368200.0
2025-01-14,169.60000610351562,172.18899536132812,161.05999755859375,164.82000732421875,4914000.0
2025-01-15,170.08999633789062,178.8300018310547,167.5,170.69000244140625,5164800.0
2025-01-16,171.75999450683594,176.81900024414062,169.72999572753906,174.8699951171875,3341600.0
2025-01-17,178.27999877929688,179.8699951171875,172.14999389648438,175.3300018310547,3375500.0
2025-01-21,177.5,191.0,175.60000610351562,188.32000732421875,7475500.0
2025-01-22,187.47000122070312,188.19000244140625,181.52000427246097,183.7400054931641,4999400.0
2025-01-23,182.0,187.6999969482422,178.5,181.9900054931641,3568400.0
2025-01-24,183.6300048828125,190.5,180.0,182.3999938964844,3923200.0
2025-01-27,174.22000122070312,183.58999633789065,170.1999969482422,180.8300018310547,4068600.0
2025-01-28,184.0,196.8300018310547,181.80999755859375,194.75,5422800.0
2025-01-29,201.0,205.57000732421875,195.67100524902344,202.0,5863400.0
2025-01-30,204.9900054931641,208.6199951171875,195.69000244140625,198.92999267578125,4168900.0
2025-01-31,201.83999633789065,206.6000061035156,197.0500030517578,199.5500030517578,3241400.0
2025-02-03,189.1199951171875,205.5,188.9499969482422,202.30999755859375,3611100.0
2025-02-04,208.8650054931641,218.25,207.14300537109375,215.30999755859375,5509400.0
2025-02-05,213.5,221.17999267578125,211.0,221.16000366210935,3563600.0
2025-02-06,222.44000244140625,222.44000244140625,209.0,216.5099945068359,6409300.0
2025-02-07,218.58999633789065,227.0500030517578,218.1999969482422,225.22999572753903,5448000.0
2025-02-10,228.8000030517578,230.41000366210935,221.5,224.92999267578125,4314800.0
2025-02-11,222.02999877929688,222.47999572753903,211.3300018310547,213.7599945068359,6210500.0
2025-02-12,213.6000061035156,220.75,211.0,216.47000122070312,11245500.0
2025-02-13,203.9149932861328,214.3000030517578,195.97999572753903,204.9499969482422,21066700.0
2025-02-14,202.0,203.9499969482422,192.57000732421875,196.3800048828125,8424900.0
2025-02-18,193.3999938964844,196.75799560546875,183.8000030517578,187.1300048828125,9020200.0
2025-02-19,185.5,190.91700744628903,183.9600067138672,189.66000366210935,4444100.0
2025-02-20,187.6999969482422,187.75,170.60000610351562,175.44000244140625,10625800.0
2025-02-21,175.5,176.5050048828125,161.88299560546875,166.39999389648438,9939000.0
2025-02-24,164.77000427246094,166.3800048828125,154.1999969482422,165.57000732421875,7908200.0
2025-02-25,164.0,166.99000549316406,154.74000549316406,159.99000549316406,6115800.0
2025-02-26,161.9600067138672,170.3000030517578,161.22000122070312,168.10000610351562,6341100.0
2025-02-27,170.41000366210938,172.13999938964844,156.0,159.77999877929688,5342600.0
2025-02-28,156.89999389648438,163.3800048828125,155.4499969482422,161.77999877929688,9356900.0
2025-03-03,165.4550018310547,174.22000122070312,160.39999389648438,162.4499969482422,7176800.0
2025-03-04,157.86000061035156,164.64999389648438,148.26499938964844,159.1699981689453,7780700.0
2025-03-05,161.0,169.99000549316406,158.31700134277344,168.52000427246094,4355900.0
2025-03-06,160.5,166.11000061035156,150.52999877929688,150.72000122070312,5336000.0
2025-03-07,147.02000427246094,148.3000030517578,131.25999450683594,133.97999572753906,13834900.0
2025-03-10,127.75,127.75,105.51000213623048,107.29000091552734,20956700.0
2025-03-11,111.0,123.48999786376952,110.0,122.7300033569336,14629600.0
2025-03-12,134.7899932861328,136.47000122070312,126.12000274658205,130.67999267578125,11368700.0
2025-03-13,130.0,131.67999267578125,118.56999969482422,121.52999877929688,7288600.0
2025-03-14,126.51000213623048,130.8300018310547,123.4499969482422,128.2100067138672,6818900.0
2025-03-17,123.62000274658205,142.0,119.91999816894533,125.55999755859376,19261700.0
2025-03-18,120.56999969482422,121.94000244140624,108.12899780273438,110.0999984741211,13232200.0
2025-03-19,110.0999984741211,113.4800033569336,105.5,109.91000366210938,9529600.0
2025-03-20,109.18000030517578,112.98999786376952,107.04000091552734,108.75,7803400.0
2025-03-21,107.8000030517578,116.29000091552734,106.0,115.6999969482422,7987100.0
2025-03-24,119.80999755859376,126.5,119.76000213623048,124.94000244140624,9012100.0
2025-03-25,124.0,127.2699966430664,120.0199966430664,125.43000030517578,5815600.0
2025-03-26,124.5999984741211,125.5999984741211,117.16999816894533,120.1999969482422,4849600.0
2025-03-27,117.5,117.5,110.0500030517578,110.2300033569336,6775400.0
2025-03-28,110.25,112.77999877929688,103.73999786376952,107.70999908447266,8001900.0
2025-03-31,102.29499816894533,106.58999633789062,97.61000061035156,104.9000015258789,9511600.0
2025-04-01,105.79499816894533,111.5999984741211,104.3489990234375,110.0500030517578,6568200.0
2025-04-02,104.8499984741211,113.75,104.8499984741211,109.5,10073500.0
2025-04-03,99.5,100.5,93.62999725341795,96.9000015258789,11840700.0
2025-04-04,92.18000030517578,92.91000366210938,82.80000305175781,86.91000366210938,13290300.0
2025-04-07,81.01000213623047,97.0,79.75,93.0,11772300.0
2025-04-08,97.13999938964844,97.9000015258789,86.87999725341797,88.88999938964844,9633600.0
2025-04-09,88.73999786376953,113.9000015258789,87.1240005493164,110.86000061035156,13906500.0
2025-04-10,103.9800033569336,107.45999908447266,98.7699966430664,102.01000213623048,7351300.0
2025-04-11,101.0,101.80999755859376,96.43000030517578,101.1500015258789,4217600.0
2025-04-14,105.75,106.5,97.5,98.26000213623048,3943400.0
2025-04-15,98.66000366210938,99.79000091552734,94.55999755859376,96.45999908447266,4061700.0
2025-04-16,93.06999969482422,95.48999786376952,91.61000061035156,95.37999725341795,3685300.0
2025-04-17,94.5199966430664,96.87000274658205,93.08000183105467,96.16000366210938,2858300.0
2025-04-21,94.0,95.41000366210938,90.77999877929688,94.1500015258789,3090800.0
2025-04-22,96.23999786376952,101.9000015258789,95.4000015258789,101.66000366210938,5108800.0
2025-04-23,109.51000213623048,113.5500030517578,105.81999969482422,107.16999816894533,5873700.0
2025-04-24,106.9000015258789,112.95999908447266,106.16000366210938,112.25,4141100.0
2025-04-25,115.02999877929688,120.55999755859376,114.25599670410156,118.0999984741211,8702700.0
2025-04-28,118.58000183105467,123.0,116.3000030517578,121.20999908447266,8891400.0
2025-04-29,119.56999969482422,123.29000091552734,118.1999969482422,122.13999938964844,3767000.0
2025-04-30,113.875,116.94000244140624,108.5,116.56999969482422,8008400.0
2025-05-01,125.63500213623048,126.0999984741211,117.48999786376952,118.79000091552734,14328200.0
2025-05-02,120.25,125.38999938964844,111.62000274658205,113.83000183105467,29599200.0
2025-05-05,113.08999633789062,120.87000274658205,111.62999725341795,116.33000183105467,11529500.0
2025-05-06,113.6500015258789,114.77999877929688,108.62999725341795,109.98999786376952,8954700.0
2025-05-07,109.33000183105467,111.58000183105467,102.8000030517578,105.52999877929688,9200200.0
2025-05-08,108.25,109.66000366210938,105.1999969482422,107.83000183105467,5759000.0
2025-05-09,109.8499984741211,112.3499984741211,105.5199966430664,108.45999908447266,4836100.0
2025-05-12,114.1500015258789,114.53500366210938,109.60199737548828,111.20999908447266,7070500.0
2025-05-13,113.04000091552734,116.4000015258789,111.5,112.83999633789062,6684800.0
2025-05-14,114.7249984741211,130.11000061035156,113.8000030517578,125.31999969482422,20753500.0
2025-05-15,122.08000183105467,122.08000183105467,112.8499984741211,113.58999633789062,13711000.0
2025-05-16,117.5,117.58999633789062,110.81999969482422,113.2300033569336,8627000.0
2025-05-19,104.88999938964844,110.08999633789062,104.8000030517578,107.98999786376952,10494200.0
2025-05-20,107.3499984741211,107.98999786376952,104.47000122070312,105.63999938964844,7178300.0
2025-05-21,103.08999633789062,103.5,94.88999938964844,95.8499984741211,17448200.0
2025-05-22,97.29000091552734,100.4489974975586,95.6969985961914,98.31999969482422,8522900.0
2025-05-23,95.83000183105467,102.26499938964844,95.2300033569336,100.76000213623048,6753500.0
2025-05-27,103.0,104.91100311279295,99.13999938964844,104.62000274658205,6944400.0
2025-05-28,104.94000244140624,106.70700073242188,103.08999633789062,105.43000030517578,5399900.0
2025-05-29,108.19000244140624,113.8000030517578,107.59400177001952,109.02999877929688,10689400.0
2025-05-30,107.30999755859376,112.62000274658205,106.33999633789062,112.3499984741211,7555500.0
2025-06-02,109.16000366210938,113.66000366210938,109.16000366210938,112.11000061035156,4539400.0
2025-06-03,112.45999908447266,115.38700103759766,109.91999816894533,110.86000061035156,5462500.0
2025-06-04,110.87000274658205,119.69000244140624,110.87000274658205,118.20999908447266,8683400.0
2025-06-05,118.76000213623048,119.2300033569336,111.8499984741211,112.23999786376952,6172500.0
2025-06-06,113.62999725341795,121.29000091552734,112.7699966430664,121.29000091552734,6773400.0
2025-06-09,119.6500015258789,121.9800033569336,116.37999725341795,117.52999877929688,5636100.0
2025-06-10,116.1999969482422,119.1500015258789,115.26000213623048,117.08999633789062,5631200.0
2025-06-11,117.4000015258789,120.62200164794922,114.4499969482422,115.02999877929688,5988200.0
2025-06-12,113.0199966430664,118.12000274658205,110.8499984741211,116.1999969482422,4824400.0
2025-06-13,112.3000030517578,120.3000030517578,112.3000030517578,118.18000030517578,6509200.0
2025-06-16,121.4250030517578,126.58999633789062,121.4250030517578,126.1999969482422,8405100.0
2025-06-17,133.64999389648438,146.16400146484375,132.41000366210938,133.83999633789062,23521800.0
2025-06-18,132.32000732421875,143.88999938964844,132.25,141.16000366210938,12180700.0
2025-06-20,141.50999450683594,147.99899291992188,138.09800720214844,139.14999389648438,8787300.0
2025-06-23,135.77000427246094,141.6699981689453,133.27999877929688,134.13999938964844,7057600.0
2025-06-24,136.35000610351562,143.77000427246094,136.02999877929688,140.7899932861328,6547800.0
2025-06-25,150.91000366210938,153.94000244140625,141.44000244140625,141.67999267578125,9090200.0
2025-06-26,145.10000610351562,147.0,140.75,143.9499969482422,6587100.0
2025-06-27,143.50999450683594,145.5,139.25999450683594,143.00999450683594,17684800.0
2025-06-30,148.0800018310547,155.0,146.77999877929688,150.57000732421875,9904700.0
2025-07-01,151.82000732421875,156.3699951171875,146.5500030517578,152.22999572753906,8713500.0
2025-07-02,152.0,164.5500030517578,151.8000030517578,159.33999633789062,11005400.0
2025-07-03,159.0,160.99000549316406,155.39999389648438,157.02999877929688,4041200.0
2025-07-07,154.9499969482422,155.38999938964844,149.55999755859375,153.3699951171875,6308100.0
2025-07-08,155.1999969482422,155.85000610351562,145.1999969482422,145.9600067138672,7055500.0
2025-07-09,147.30999755859375,147.9499969482422,141.3000030517578,145.64999389648438,4609600.0
2025-07-10,148.72999572753906,148.8000030517578,141.27999877929688,143.0,3933500.0
2025-07-11,141.63999938964844,147.39999389648438,141.3000030517578,145.58999633789062,3686200.0
2025-07-14,146.0,150.38999938964844,145.3000030517578,146.3800048828125,4438700.0
2025-07-15,147.2899932861328,148.0500030517578,142.89999389648438,144.8000030517578,4426500.0
2025-07-16,144.9499969482422,146.19000244140625,138.3000030517578,144.30999755859375,5849800.0
2025-07-17,144.3000030517578,147.0500030517578,140.88999938964844,142.52000427246094,4454700.0
2025-07-18,142.50999450683594,149.08999633789062,138.11000061035156,148.24000549316406,6405900.0
2025-07-21,145.02000427246094,149.72900390625,144.41000366210938,146.2899932861328,5134900.0
2025-07-22,145.39999389648438,147.8000030517578,138.60000610351562,145.8000030517578,5183100.0
2025-07-23,147.97000122070312,152.25,144.32000732421875,146.10000610351562,5664400.0
2025-07-24,147.85000610351562,150.75,142.89999389648438,148.1300048828125,5460500.0
2025-07-25,149.94000244140625,152.77999877929688,147.89999389648438,149.66000366210938,4505600.0
2025-07-28,150.83999633789062,153.1999969482422,147.5500030517578,151.60000610351562,4008700.0
2025-07-29,151.5500030517578,152.0,141.60000610351562,144.85000610351562,6464100.0
2025-07-30,145.72000122070312,150.3800048828125,144.0850067138672,149.3300018310547,5280700.0
2025-07-31,160.8800048828125,162.8800048828125,154.8300018310547,160.58999633789062,19988900.0
2025-08-01,182.0,196.67999267578125,177.77000427246094,188.63999938964844,27258300.0
2025-08-04,191.6999969482422,203.72999572753903,188.97999572753903,201.7599945068359,15113300.0
2025-08-05,198.6699981689453,208.67999267578125,197.5099945068359,199.08999633789065,10585100.0
2025-08-06,199.0099945068359,212.97999572753903,198.75,212.80999755859375,8279400.0
2025-08-07,215.7449951171875,217.3000030517578,205.72000122070312,211.82000732421875,6074500.0
2025-08-08,211.8500061035156,219.0,208.8500061035156,215.44000244140625,4727000.0
2025-08-11,215.22999572753903,225.3500061035156,211.8000030517578,220.75,5563400.0
2025-08-12,221.1750030517578,229.4470062255859,220.69000244140625,224.02000427246097,4742400.0
2025-08-13,225.9199981689453,237.35299682617188,224.3000030517578,234.77000427246097,7467000.0
2025-08-14,229.9550018310547,244.8500061035156,229.9550018310547,243.47000122070312,7579700.0
2025-08-15,242.5749969482422,248.01499938964844,235.7899932861328,246.5,6434000.0
2025-08-18,245.6300048828125,253.13999938964844,237.5399932861328,241.7599945068359,6933800.0
2025-08-19,238.22000122070312,238.83999633789065,225.5,228.17999267578125,8655700.0
2025-08-20,221.5,225.0319976806641,205.37399291992188,218.3699951171875,13073400.0
2025-08-21,217.44000244140625,221.72999572753903,215.1000061035156,218.6499938964844,4002400.0
2025-08-22,215.0,230.25,214.1000061035156,217.30999755859375,7640600.0
2025-08-25,214.27000427246097,222.47000122070312,212.57000732421875,219.72999572753903,4580600.0
2025-08-26,218.83999633789065,220.5,214.9900054931641,219.42999267578125,5316200.0
2025-08-27,220.97000122070312,226.66900634765625,208.2400054931641,211.1000061035156,4906100.0
2025-08-28,212.8000030517578,227.0,212.3999938964844,225.5399932861328,5147000.0
2025-08-29,225.5399932861328,227.8999938964844,219.6199951171875,225.0800018310547,3922300.0
2025-09-02,219.97999572753903,223.44000244140625,213.1499938964844,220.05999755859375,4640000.0
2025-09-03,226.27999877929688,239.3699951171875,218.6999969482422,223.13999938964844,8426800.0
2025-09-04,225.0,234.3800048828125,223.5,232.11000061035156,4270000.0
2025-09-05,234.0,241.17999267578125,230.2400054931641,240.0,5567600.0
2025-09-08,245.08999633789065,246.9900054931641,229.86000061035156,229.97999572753903,5949200.0
2025-09-09,235.3500061035156,240.3000030517578,232.0500030517578,240.1999969482422,3655900.0
2025-09-10,245.13999938964844,261.12701416015625,244.84500122070312,259.0299987792969,7445800.0
2025-09-11,260.57000732421875,266.6400146484375,257.45001220703125,260.5400085449219,3726900.0
2025-09-12,262.2200012207031,266.1499938964844,251.19000244140625,254.2899932861328,3683700.0
2025-09-15,256.6600036621094,265.5400085449219,255.4199981689453,263.6400146484375,4584300.0
2025-09-16,265.07501220703125,268.1499938964844,260.5,266.6600036621094,3671300.0
2025-09-17,263.1000061035156,270.3599853515625,249.22000122070312,266.4700012207031,10028700.0
2025-09-18,271.989990234375,282.95001220703125,269.9200134277344,270.7099914550781,6843900.0
2025-09-19,270.5,271.989990234375,251.5,264.4800109863281,11586100.0
2025-09-22,257.45001220703125,262.989990234375,253.33999633789065,257.55999755859375,5281200.0
2025-09-23,255.5749969482422,255.77999877929688,235.8500061035156,237.4499969482422,8042200.0
2025-09-24,241.5099945068359,244.0,234.88999938964844,235.69000244140625,4821600.0
2025-09-25,228.1499938964844,236.52000427246097,223.5,232.75,4646100.0
2025-09-26,234.0800018310547,240.61000061035156,231.23800659179688,240.11000061035156,3280300.0
2025-09-29,244.8040008544922,246.42999267578125,239.3000030517578,241.97999572753903,3784600.0
2025-09-30,240.3350067138672,240.9900054931641,225.08999633789065,229.9900054931641,4885400.0
2025-10-01,213.0,218.31900024414065,202.2599945068359,202.6000061035156,15774000.0
2025-10-02,206.8500061035156,209.0,198.8000030517578,200.9199981689453,7759200.0
2025-10-03,212.02000427246097,213.3800048828125,205.41000366210935,207.1999969482422,8463200.0
2025-10-06,207.3000030517578,211.1499938964844,198.8699951171875,203.6300048828125,4985100.0
2025-10-07,206.2400054931641,209.73599243164065,202.5070037841797,205.9199981689453,3706700.0
2025-10-08,206.2250061035156,206.2250061035156,195.0099945068359,202.2899932861328,6644100.0
2025-10-09,203.25,212.33999633789065,199.3800048828125,211.6999969482422,5196400.0
2025-10-10,214.3999938964844,214.3999938964844,198.0,198.5500030517578,5569000.0
2025-10-13,201.88999938964844,204.70899963378903,197.8500061035156,203.67999267578125,2942300.0
2025-10-14,199.9250030517578,205.52000427246097,194.77000427246097,196.3500061035156,3826500.0
2025-10-15,201.36000061035156,203.8639984130859,196.8000030517578,200.7599945068359,2697400.0
2025-10-16,202.5399932861328,203.8800048828125,196.0,198.97000122070312,3036100.0
2025-10-17,195.16000366210935,200.6000061035156,189.02000427246097,194.9499969482422,4531500.0
2025-10-20,201.0,211.11000061035156,200.6499938964844,202.47999572753903,6315000.0
2025-10-21,207.52000427246097,208.0,203.0099945068359,205.7100067138672,4186000.0
2025-10-22,204.02999877929688,205.0,191.27999877929688,197.0500030517578,5863500.0
2025-10-23,201.0,205.32000732421875,200.3699951171875,200.82000732421875,2798200.0
2025-10-24,206.02000427246097,215.94000244140625,205.1210021972656,214.1999969482422,6280400.0
2025-10-27,219.6999969482422,224.75,216.54200744628903,219.2400054931641,4888200.0
2025-10-28,222.22000122070312,222.22000122070312,212.75,212.97000122070312,4565000.0
2025-10-29,211.27000427246097,214.1300048828125,204.75,210.77000427246097,4374600.0
2025-10-30,209.41000366210935,209.47000122070312,193.80999755859375,194.4199981689453,12953300.0
2025-10-31,219.1999969482422,230.97000122070312,208.41000366210935,208.9499969482422,17708300.0
2025-11-03,211.05999755859375,214.25,199.11300659179688,204.97999572753903,8198700.0
2025-11-04,199.19000244140625,199.69000244140625,187.3999938964844,187.77000427246097,8202400.0
2025-11-05,187.77999877929688,199.3000030517578,186.36000061035156,196.27000427246097,5074600.0
2025-11-06,195.98500061035156,196.70199584960935,182.7400054931641,183.63999938964844,4918900.0
2025-11-07,178.0,195.16000366210935,173.55999755859375,194.5800018310547,6446700.0
2025-11-10,200.02999877929688,208.27999877929688,198.33999633789065,204.19000244140625,4657100.0
2025-11-11,201.94000244140625,211.0800018310547,201.33999633789065,208.2100067138672,3861800.0
2025-11-12,208.8500061035156,213.0,200.0800018310547,202.82000732421875,3168000.0
2025-11-13,201.7749938964844,201.9600067138672,185.44000244140625,189.4199981689453,5213300.0
2025-11-14,186.40499877929688,198.58999633789065,183.8000030517578,193.30999755859375,4284900.0
2025-11-17,191.33999633789065,194.33999633789065,185.25,187.5500030517578,2598400.0
2025-11-18,184.17999267578125,189.5,180.88999938964844,185.69000244140625,3722300.0
2025-11-19,185.69000244140625,192.4499969482422,185.2100067138672,187.77999877929688,2728500.0
2025-11-20,192.9550018310547,195.47999572753903,178.2449951171875,181.8800048828125,5161300.0
2025-11-21,185.0399932861328,190.1499938964844,180.00999450683594,183.47999572753903,4009200.0
2025-11-24,186.6000061035156,195.69000244140625,184.77999877929688,195.0,5268000.0
2025-11-25,198.0,219.8000030517578,196.57000732421875,218.47999572753903,7751500.0
2025-11-26,216.0,220.76400756835935,207.2899932861328,207.55999755859375,4680900.0
2025-11-28,209.1499938964844,218.0,207.33999633789065,216.47000122070312,2388700.0
2025-12-01,211.72000122070312,226.25,211.5,223.3999938964844,4819800.0
2025-12-02,224.69000244140625,231.5099945068359,221.72000122070312,222.7599945068359,3445300.0
2025-12-03,222.66000366210935,225.82000732421875,220.0,220.83999633789065,2706100.0
2025-12-04,222.19000244140625,225.8699951171875,215.0,222.75,3493500.0
2025-12-05,225.1499938964844,237.58999633789065,224.1750030517578,234.11000061035156,6141300.0
2025-12-08,230.0,238.1999969482422,225.2599945068359,236.9499969482422,3685800.0
2025-12-09,230.8500061035156,237.5,229.5500030517578,236.11000061035156,2791600.0
2025-12-10,235.3000030517578,240.17999267578125,231.47000122070312,238.11000061035156,3816600.0
2025-12-11,235.5399932861328,238.0,227.2969970703125,233.5399932861328,4386000.0
2025-12-12,233.05999755859375,237.3999938964844,222.8500061035156,224.77999877929688,4932200.0
2025-12-15,222.0449981689453,225.77000427246097,213.3500061035156,218.5,5415800.0
2025-12-16,215.26400756835935,224.6300048828125,215.26400756835935,224.0,4332200.0
2025-12-17,226.8300018310547,235.4199981689453,226.8300018310547,227.33999633789065,5721800.0
2025-12-18,232.82000732421875,246.1499938964844,229.45399475097656,231.33999633789065,6060400.0
2025-12-19,235.8500061035156,239.44000244140625,230.9900054931641,233.19000244140625,5942900.0
2025-12-22,235.9499969482422,240.4900054931641,230.3000030517578,233.1499938964844,4042000.0
2025-12-23,231.52999877929688,237.5,225.4499969482422,225.82000732421875,3487700.0
2025-12-24,225.77000427246097,228.3999938964844,222.78500366210935,225.8500061035156,982600.0
2025-12-26,225.7899932861328,226.22000122070312,220.2599945068359,225.77000427246097,1904000.0
2025-12-29,225.1499938964844,236.0,223.91000366210935,234.6499938964844,3901200.0
2025-12-30,235.9199981689453,236.92999267578125,229.0800018310547,233.36000061035156,2489800.0
2025-12-31,232.2400054931641,233.71299743652344,227.5,229.8699951171875,2149100.0
2026-01-02,232.17999267578125,242.8699951171875,228.1499938964844,241.88999938964844,3547100.0
2026-01-05,248.83999633789065,250.0,241.0,244.0500030517578,3365200.0
2026-01-06,248.2100067138672,254.77999877929688,242.15199279785156,253.80999755859375,4159900.0
2026-01-07,252.0,260.5,251.0500030517578,255.5,3002300.0
2026-01-08,255.33999633789065,259.54998779296875,248.1000061035156,253.9499969482422,3015200.0
2026-01-09,257.6700134277344,263.5,235.0099945068359,244.55999755859375,5542500.0
2026-01-12,244.72000122070312,251.8699951171875,240.61000061035156,244.02000427246097,2595300.0
2026-01-13,246.22000122070312,263.3349914550781,246.1000061035156,258.92999267578125,4516300.0
2026-01-14,258.79998779296875,258.79998779296875,246.8500061035156,252.3800048828125,4829900.0
2026-01-15,250.08999633789065,251.0,225.25,228.75,10876300.0
2026-01-16,228.5,236.49899291992188,222.8500061035156,231.0099945068359,5450400.0
2026-01-20,220.125,228.97999572753903,217.33999633789065,225.36000061035156,3748000.0
2026-01-21,224.48500061035156,224.9250030517578,208.5,210.1300048828125,5204300.0
2026-01-22,214.0,216.0,209.77999877929688,214.5399932861328,2708200.0
2026-01-23,212.6000061035156,220.82000732421875,209.0,218.8800048828125,2612800.0
2026-01-26,216.63999938964844,222.6499938964844,212.6289978027344,213.6300048828125,2621500.0
2026-01-27,203.13999938964844,204.55999755859375,193.11000061035156,196.3000030517578,7123100.0
2026-01-28,195.0,199.0500030517578,189.5260009765625,193.13999938964844,4372400.0
2026-01-29,200.0,201.1210021972656,188.6499938964844,190.0500030517578,3936200.0
2026-01-30,188.2400054931641,190.4709930419922,180.0,180.27000427246097,4248200.0
2026-02-02,180.0,184.3500061035156,176.13999938964844,177.14999389648438,5887600.0
2026-02-03,178.39999389648438,179.00999450683594,161.7100067138672,165.41000366210938,6876700.0
2026-02-04,162.50999450683594,163.26499938964844,146.35000610351562,152.69000244140625,9451400.0
2026-02-05,151.0050048828125,155.33999633789062,148.5,151.0500030517578,11083900.0
2026-02-06,161.52999877929688,164.39999389648438,137.02000427246094,139.8300018310547,22081600.0
2026-02-09,139.38999938964844,145.93800354003906,136.61000061035156,141.74000549316406,8487300.0
2026-02-10,145.05999755859375,152.44000244140625,143.50999450683594,149.97999572753906,9003200.0
2026-02-11,148.86000061035156,152.44000244140625,137.25,139.2899932861328,8409700.0
2026-02-12,138.4499969482422,138.4499969482422,127.70500183105467,131.07000732421875,8703500.0
2026-02-13,141.85000610351562,141.85000610351562,135.3699951171875,139.64999389648438,7462400.0
2026-02-17,138.1999969482422,143.9199981689453,135.85000610351562,139.22999572753906,5470600.0
2026-02-18,140.89999389648438,148.17999267578125,139.25999450683594,147.4600067138672,5965900.0
2026-02-19,146.0800018310547,147.39500427246094,141.8000030517578,146.1300048828125,4097100.0
2026-02-20,144.39999389648438,151.25,143.3939971923828,150.1699981689453,7636900.0
2026-02-23,148.4199981689453,150.94000244140625,140.33999633789062,142.4600067138672,4529900.0
2026-02-24,142.92999267578125,147.5,141.08999633789062,142.0800018310547,4012700.0
2026-02-25,143.39500427246094,150.50999450683594,141.0500030517578,149.6699981689453,4499400.0
2026-02-26,148.3800048828125,156.38999938964844,146.47999572753906,151.25,4908800.0
2026-02-27,149.50999450683594,150.4499969482422,143.0500030517578,145.80999755859375,4747700.0
2026-03-02,142.25,147.5,141.53399658203125,147.11000061035156,3473100.0
2026-03-03,141.8800048828125,146.50999450683594,137.5,145.69000244140625,4480500.0
2026-03-04,146.58999633789062,149.85000610351562,144.35000610351562,147.2899932861328,5053300.0
2026-03-05,146.97000122070312,153.77999877929688,142.3000030517578,144.33999633789062,6249900.0
2026-03-06,142.0,142.3300018310547,137.89999389648438,139.38999938964844,5084000.0
2026-03-09,136.75,139.38999938964844,132.41000366210938,138.86000061035156,7991100.0
2026-03-10,141.875,142.4600067138672,133.8000030517578,134.1300048828125,6156800.0
2026-03-11,135.0500030517578,137.97000122070312,133.27999877929688,137.1199951171875,5087300.0
2026-03-12,135.58999633789062,139.79299926757812,131.5,132.25,3330300.0
2026-03-13,133.6699981689453,136.97999572753906,131.30999755859375,132.36000061035156,3049100.0
2026-03-16,133.97000122070312,140.0800018310547,133.17999267578125,140.0,4488700.0
2026-03-17,140.02000427246094,147.4499969482422,140.0,144.3300018310547,6424800.0
2026-03-18,144.00999450683594,146.75,142.0399932861328,142.7899932861328,4155900.0
2026-03-19,138.75,142.27000427246094,135.3300018310547,138.1199951171875,4878300.0
2026-03-20,139.0,143.85000610351562,135.67999267578125,139.85000610351562,6532900.0
2026-03-23,140.0,144.19000244140625,138.6999969482422,140.9600067138672,3514700.0
2026-03-24,139.6999969482422,141.24000549316406,134.5850067138672,136.1199951171875,3471900.0
2026-03-25,139.0,143.22000122070312,138.42999267578125,139.6300048828125,3192800.0
2026-03-26,135.49000549316406,137.52000427246094,124.0,127.26000213623048,8196900.0
2026-03-27,125.04000091552734,125.51000213623048,120.5,121.83999633789062,5776500.0
2026-03-30,122.5,126.37999725341795,119.2699966430664,124.12999725341795,4487500.0
2026-03-31,126.05999755859376,135.89999389648438,125.12000274658205,134.64999389648438,5443800.0
2026-04-01,136.375,139.33999633789062,133.25,136.17999267578125,3932000.0
2026-04-02,129.6699981689453,137.1199951171875,128.6300048828125,136.0,3077700.0
2026-04-06,138.4600067138672,140.55499267578125,136.22300720214844,138.33999633789062,3208700.0
2026-04-07,137.5,141.27000427246094,136.35000610351562,141.13999938964844,2340500.0
2026-04-08,151.58999633789062,154.77000427246094,143.86000061035156,145.0,3995800.0
2026-04-09,144.5399932861328,145.1699981689453,135.0,138.3800048828125,5076500.0
2026-04-10,141.0500030517578,142.3000030517578,135.99000549316406,139.72999572753906,3259500.0
2026-04-13,138.97000122070312,149.4499969482422,138.80999755859375,149.35000610351562,3638900.0
2026-04-14,152.61000061035156,156.5,151.77999877929688,154.5399932861328,4453100.0
2026-04-15,156.77999877929688,160.3800048828125,155.3300018310547,158.47999572753906,4173900.0
2026-04-16,163.11000061035156,164.0,157.00999450683594,162.4499969482422,4032300.0
2026-04-17,165.5050048828125,168.6999969482422,161.36399841308594,163.8000030517578,4068600.0
2026-04-20,162.14999389648438,166.7899932861328,161.00999450683594,166.27999877929688,3055100.0
2026-04-21,166.5,167.9199981689453,156.0850067138672,156.82000732421875,4777200.0
2026-04-22,161.3800048828125,164.41000366210938,158.9499969482422,164.30999755859375,2890100.0
2026-04-23,162.3000030517578,162.3000030517578,151.22000122070312,152.9600067138672,3707900.0
2026-04-24,154.3000030517578,154.92999267578125,150.5500030517578,154.88999938964844,3242200.0
2026-04-27,154.375,163.14999389648438,154.0500030517578,160.2100067138672,3311700.0
2026-04-28,153.02000427246094,153.72999572753906,146.5500030517578,147.92999267578125,5156300.0
2026-04-29,146.0,148.77999877929688,143.08999633789062,147.75,3373200.0
2026-04-30,146.85000610351562,150.1999969482422,143.38999938964844,147.22999572753906,9383400.0
2026-05-01,165.50999450683594,173.0,156.49000549316406,166.47999572753906,14252200.0
2026-05-04,170.0800018310547,175.2899932861328,164.64999389648438,169.07000732421875,6092000.0
2026-05-05,171.0,177.1300048828125,167.6199951171875,171.6300048828125,7080600.0
2026-05-06,172.02499389648438,172.64999389648438,162.5500030517578,166.55999755859375,7179800.0
2026-05-07,168.5,169.10000610351562,159.60000610351562,163.9499969482422,5444700.0
2026-05-08,162.6199951171875,162.89999389648438,155.2100067138672,155.8000030517578,5779000.0
2026-05-11,153.5,162.4499969482422,153.5,159.50999450683594,5077700.0
2026-05-12,159.3000030517578,161.0399932861328,150.32000732421875,152.35000610351562,4698100.0
2026-05-13,152.0,154.6999969482422,148.5,154.1199951171875,4151100.0
2026-05-14,155.77499389648438,157.22999572753906,149.02999877929688,156.30999755859375,3266000.0
2026-05-15,153.5500030517578,159.16000366210938,153.13999938964844,158.1699981689453,3340000.0
2026-05-18,157.0,160.97999572753906,153.57000732421875,159.11000061035156,3457200.0
2026-05-19,158.22999572753906,161.49000549316406,154.14999389648438,154.8800048828125,4080700.0
2026-05-20,154.02000427246094,154.75999450683594,143.91000366210938,146.72000122070312,10395700.0
2026-05-21,144.30999755859375,153.4499969482422,144.10000610351562,150.0399932861328,3494500.0
2026-05-22,145.22999572753906,145.7949981689453,140.6699981689453,141.6699981689453,7849900.0
2026-05-26,143.4949951171875,145.88999938964844,139.5500030517578,144.63999938964844,5398400.0
2026-05-27,144.5,158.55099487304688,144.24000549316406,154.19000244140625,5704900.0
2026-05-28,155.00999450683594,167.72000122070312,151.66000366210938,167.69000244140625,5726000.0
2026-05-29,168.7050018310547,176.69000244140625,166.49000549316406,176.0,9350300.0
2026-06-01,179.89999389648438,182.64500427246097,174.85000610351562,177.85000610351562,5794900.0
2026-06-02,174.52000427246094,175.75,166.66000366210938,169.1300048828125,4316500.0
2026-06-03,167.0,170.49000549316406,159.11000061035156,169.49000549316406,3399100.0
2026-06-04,170.39999389648438,187.33999633789065,169.80999755859375,183.91000366210935,7381000.0
2026-06-05,182.17999267578125,186.4499969482422,167.0399932861328,173.4499969482422,5965600.0
2026-06-08,171.50999450683594,173.4499969482422,166.16000366210938,171.1300048828125,3031400.0
2026-06-09,178.5500030517578,183.1199951171875,166.89999389648438,178.11000061035156,5237700.0
2026-06-10,174.4499969482422,179.8000030517578,170.8000030517578,172.2100067138672,3235200.0
2026-06-11,168.6999969482422,174.0,163.77000427246094,173.25999450683594,3207900.0
2026-06-12,172.49000549316406,173.0,158.36000061035156,162.10000610351562,5768000.0
2026-06-15,168.80999755859375,182.0,167.90499877929688,181.8800048828125,4844000.0
2026-06-16,181.9499969482422,182.41000366210935,174.7209930419922,175.38999938964844,3562100.0
2026-06-17,174.41000366210938,175.40899658203125,165.9499969482422,165.9499969482422,4405000.0
2026-06-18,169.0,176.22000122070312,165.8800048828125,174.9600067138672,5337400.0
2026-06-22,171.86000061035156,182.3000030517578,167.00999450683594,170.44000244140625,4386400.0
2026-06-23,167.0,174.0,164.6699981689453,165.6300048828125,3364900.0
2026-06-24,164.6999969482422,167.6999969482422,157.27000427246094,160.72000122070312,4166300.0
2026-06-25,160.35000610351562,160.35000610351562,152.64999389648438,158.02000427246094,2780600.0
2026-06-26,156.6199951171875,169.02000427246094,155.6999969482422,166.94000244140625,6325800.0
2026-06-29,168.2899932861328,176.35000610351562,166.60000610351562,174.38999938964844,3132800.0
2026-06-30,172.60000610351562,175.3800048828125,169.75,173.5800018310547,2477800.0
2026-07-01,175.00999450683594,201.16000366210935,175.00999450683594,197.7599945068359,8763500.0
2026-07-02,194.0099945068359,198.72000122070312,184.3800048828125,194.6699981689453,4460800.0
2026-07-06,197.9600067138672,207.5399932861328,196.44000244140625,200.86000061035156,5568900.0
2026-07-07,200.8300018310547,206.4900054931641,198.81199645996097,199.44000244140625,4133900.0
2026-07-08,195.6300048828125,199.19000244140625,189.3300018310547,195.30999755859375,2823800.0
2026-07-09,193.0099945068359,200.8500061035156,189.63999938964844,200.30999755859375,2248700.0
2026-07-10,205.8000030517578,208.0500030517578,192.61000061035156,195.33999633789065,3756500.0
2026-07-13,199.0,204.06500244140625,193.8800048828125,200.92999267578125,4372100.0
2026-07-14,197.17999267578125,204.88999938964844,197.17999267578125,203.27000427246097,2433300.0
2026-07-15,204.61000061035156,207.0,189.75,198.02999877929688,4070500.0
2026-07-16,199.69000244140625,200.32000732421875,184.6199951171875,185.2599945068359,3758300.0
2026-07-17,181.5399932861328,184.9499969482422,173.7100067138672,181.17999267578125,3327300.0
2026-07-20,179.0,187.42999267578125,174.4600067138672,181.63999938964844,4055400.0
2026-07-21,181.5,186.9900054931641,178.0,185.83999633789065,2602800.0
2026-07-22,172.89999389648438,174.0,166.0,170.3800048828125,8987000.0
2026-07-23,174.4199981689453,179.2830047607422,168.28500366210938,168.77999877929688,3842600.0
2026-07-24,169.5,173.1999969482422,165.5500030517578,168.72999572753906,3539600.0
2026-07-27,173.3350067138672,183.8820037841797,172.72999572753906,179.22999572753906,4263900.0
2026-07-28,179.25,180.8000030517578,173.61000061035156,178.44000244140625,2892100.0
2026-07-29,181.94000244140625,185.91000366210935,176.3249969482422,177.99000549316406,4231300.0
2026-07-30,180.0,182.4199981689453,175.0,178.0399932861328,11864900.0
2026-07-31,147.6999969482422,151.3800048828125,135.2220001220703,140.6699981689453,29916700.0
2026-08-03,141.89999389648438,157.72000122070312,140.0500030517578,154.7100067138672,10648300.0
2026-08-04,153.6199951171875,162.82000732421875,152.77999877929688,159.97000122070312,6155500.0
2026-08-05,159.27999877929688,160.7899932861328,153.5,155.25999450683594,4169300.0
2026-08-06,150.94000244140625,155.27000427246094,149.50999450683594,150.8699951171875,3466400.0
2026-08-07,153.3000030517578,163.89999389648438,153.22000122070312,161.6999969482422,4509600.0
2026-08-10,161.49000549316406,163.24000549316406,157.64999389648438,158.72000122070312,3101700.0
2026-08-11,158.0,161.97999572753906,155.6199951171875,156.19000244140625,2735400.0
2026-08-12,157.63999938964844,158.0,152.00999450683594,153.4499969482422,3318600.0
2026-08-13,154.50999450683594,159.2899932861328,152.6699981689453,158.1199951171875,4658000.0
2026-08-14,175.77999877929688,184.28399658203125,174.0,178.08999633789062,21500400.0
2026-08-17,177.50999450683594,178.33999633789062,164.17999267578125,164.5,37846200.0
2026-08-18,166.10000610351562,167.5399932861328,157.4499969482422,158.25,7447300.0
2026-08-19,156.66000366210938,158.25,151.36700439453125,151.7100067138672,8157200.0
2026-08-20,149.61000061035156,150.77000427246094,144.0500030517578,150.30999755859375,7672000.0
2026-08-21,151.7899932861328,155.3000030517578,150.03799438476562,153.2899932861328,4545500.0
2026-08-24,150.00999450683594,154.39999389648438,149.1999969482422,152.6999969482422,3524500.0
2026-08-25,153.49000549316406,162.625,152.77000427246094,162.4499969482422,4378800.0
2026-08-26,161.0,165.91000366210938,155.27000427246094,155.36000061035156,3687200.0
2026-08-27,155.75999450683594,158.99000549316406,153.5,153.9499969482422,2711000.0
2026-08-28,152.25,158.86000061035156,152.0570068359375,153.0,2749300.0
2026-08-31,151.32000732421875,151.94200134277344,146.6199951171875,147.80999755859375,3857600.0
2026-09-01,144.7899932861328,147.86300659179688,143.8000030517578,144.63999938964844,3790100.0
2026-09-02,144.02000427246094,158.27000427246094,143.47000122070312,158.10000610351562,6230000.0
2026-09-03,159.25999450683594,162.5,154.63099670410156,155.99000549316406,4029100.0
2026-09-04,155.74000549316406,156.49000549316406,152.35000610351562,154.4600067138672,2830500.0
2026-09-08,155.00999450683594,156.60000610351562,148.4600067138672,149.3800048828125,5010300.0
2026-09-09,148.63999938964844,149.21499633789062,145.16600036621094,146.44000244140625,4820400.0
2026-09-10,146.33999633789062,156.9499969482422,144.8000030517578,155.33999633789062,5813400.0
2026-09-11,157.5500030517578,159.5,154.61000061035156,157.77000427246094,3192600.0
